time_s,mass_flow_kg_s
0,0
0.000738709666427254,3.90879590659631e-05
0.00163578484769732,8.36954321132368e-05
0.00253286002896739,0.000124328699136371
0.00374912088979051,0.000173865836500151
0.00568966320359722,0.000234597988802007
0.0082296667268221,0.000280919896808738
0.010769670250047,0.000301414173639748
0.0133096737732719,0.000317704896070561
0.0158496772964967,0.000352462859670678
0.0181318204692562,0.000411126550478249
0.0204139636420156,0.000496530748464356
0.0226961068147751,0.000598231571545864
0.0249782499875345,0.000699610629459413
0.0280079959511793,0.000805606642481852
0.0302183389480991,0.000854969589373107
0.032428681945019,0.000880669356791155
0.0346390249419389,0.000893100076480051
0.0368493679388587,0.000907181875863746
0.0396799653503133,0.000950015993608953
0.0418779790731575,0.00100888077623191
0.0440759927960018,0.00108915712712761
0.0462740065188461,0.00118053629392244
0.0484720202416904,0.00126864642346391
0.0512793397348651,0.00135566136151595
0.0534854909412997,0.00139829080833525
0.0556916421477342,0.00141983129535264
0.0578977933541687,0.00143049695955908
0.0601039445606033,0.00144411159599689
0.0629808142645367,0.00148670174907036
0.0652325759073391,0.00154480153767718
0.0674843375501414,0.00162247459766676
0.0697360991929437,0.00170888578093446
0.0719878608357461,0.00178985276949781
0.0748698038403527,0.00186651858310756
0.0771214035918352,0.00190133403433693
0.0793730033433176,0.00191756968139577
0.0816246030948001,0.00192641265484903
0.0838762028462825,0.00194152644097146
0.0865764163360132,0.00198312505980668
0.0892766298257439,0.00205372694072767
0.0919768433154747,0.00214422215072586
0.0946770568052054,0.00223588830614968
0.0977793027226898,0.00231786510273932
0.100205949756458,0.00235686133962948
0.102632596790227,0.00237530191466104
0.105059243823996,0.00238460327349173
0.107485890857765,0.00239968676318663
0.110535540310828,0.00244482828713565
0.112908405333303,0.0025027349246522
0.115281270355778,0.00257522043424995
0.117654135378253,0.00265010438734383
0.120685435448053,0.00272807336710632
0.123716735517854,0.00277584127645642
0.126154007969819,0.0027934557606868
0.128591280421785,0.00280254592834034
0.13102855287375,0.00281654849318948
0.1342466087628,0.00286045312600012
0.136738188583642,0.0029164505620071
0.139229768404484,0.002985764758048
0.141721348225326,0.00305572615611404
0.145042599938663,0.00312768930589701
0.147656220370212,0.00316126449508619
0.150269840801761,0.00317685597356091
0.152883461233309,0.00318630278254194
0.155497081664858,0.00320390737784083
0.158689107555204,0.00325018185565156
0.161270726005169,0.0033073643587685
0.163852344455134,0.00337378387584455
0.166554984183444,0.00343878537070372
0.169886361784167,0.00349512091835758
0.172541046228519,0.00351857792472379
0.175195730672871,0.0035291266262679
0.177850415117223,0.00353952764553924
0.181589788492194,0.00357702503305166
0.184397028301628,0.0036265002514544
0.187204268111061,0.00368933902826399
0.190011507920494,0.00375219634269866
0.193721399441711,0.00381324327198007
0.196602239065653,0.0038391040765944
0.199483078689595,0.00385110676993877
0.202363918313538,0.00386255523608051
0.206201533908385,0.00389873284901929
0.209160925506043,0.0039464450158304
0.212120317103702,0.00400554083222772
0.21507970870136,0.00406254109586987
0.219457724819549,0.00411965478013554
0.222608131827542,0.00414008502824156
0.225758538835535,0.00415210210632951
0.228908945843528,0.00417026590096012
0.233082596833857,0.00421876631315697
0.236321449194189,0.0042725170525956
0.239560301554521,0.0043281062269166
0.242799153914853,0.00437208603179463
0.246282681584666,0.00440013561144126
0.249766209254479,0.00441521849971244
0.253249736924291,0.00443225183224179
0.257339146617087,0.00447073395114457
0.260739662358636,0.00451810458211518
0.264140178100186,0.00456961970546747
0.267540693841735,0.00461228810753864
0.27164202781022,0.00464366955385355
0.275743361778704,0.0046617532109961
0.279844695747189,0.0046840603146591
0.284359618077295,0.00472702846460594
0.288874540407402,0.00478329750055244
0.293389462737508,0.00483493127095775
0.298169696834057,0.00487108268551468
0.302949930930606,0.00489399226722763
0.307730165027155,0.00492068752402632
0.312881928927856,0.0049648563365295
0.318033692828557,0.00501686098065281
0.323185456729259,0.00506066460417722
0.329122108232971,0.00509457038143734
0.335058759736684,0.005123903469998
0.340995411240396,0.00516234396139973
0.346932062744108,0.00520801652665734
0.352868714247821,0.00524889113329579
0.360688908344918,0.00528893450830134
0.368509102442016,0.0053257249491595
0.376329296539113,0.00536799963953649
0.384149490636211,0.00541035336574173
0.391969684733309,0.00544563109248106
0.403532444680603,0.00549114779569461
0.415095204627897,0.00553607386714149
0.43083615849417,0.00559161349027676
0.446577112360442,0.00563774314998825
0.467736537003683,0.0056906086744153
0.497986382741662,0.00575092931176161
0.538842312195327,0.00580824735761142
0.609085982404369,0.00586630705397877
0.762565689142203,0.00591420772024819
0.962565689142203,0.00591635701644787
1.1625656891422,0.00590875304047494
1.3625656891422,0.00590764177372069
1.5625656891422,0.00590642895234123
1.7625656891422,0.00590773429271896
1.9625656891422,0.00590925375293262
2.1625656891422,0.00590943326583296
2.3625656891422,0.00590959081737484
2.5625656891422,0.00590959486024257
2.7625656891422,0.00590949395255048
2.9625656891422,0.00590953438093352
3.1625656891422,0.00590938797125046
3.3625656891422,0.00590930268383188
3.5625656891422,0.00590945657154875
3.7625656891422,0.00590933055862251
3.9625656891422,0.00590924803003561
4.1625656891422,0.00590943296011584
4.3625656891422,0.00590928957199276
4.5625656891422,0.00590920055716956
4.76256568914221,0.00590943983045859
4.96256568914221,0.00590965159160598
5.16256568914221,0.00590943730664673
5.36256568914221,0.00590923069775078
5.56256568914221,0.00590950477291239
5.76256568914221,0.00590975059597567
5.96256568914221,0.00590943474691704
6.16256568914221,0.00590914685133966
6.36256568914221,0.00590951281590497
6.56256568914221,0.00590984586923842
6.76256568914221,0.00590941892765668
6.96256568914221,0.0059094985588787
7.16256568914221,0.00590967436790536
7.36256568914221,0.00590968986254389
7.56256568914221,0.00590954259430992
7.76256568914221,0.00590956886444429
7.96256568914221,0.00590939674410478
8.16256568914221,0.00590929082782113
8.36256568914221,0.00590944526981588
8.56256568914221,0.00590929736811154
8.76256568914221,0.0059092133005196
8.9625656891422,0.00590943840939485
9.1625656891422,0.00590927874639191
9.3625656891422,0.00590917000353972
9.5625656891422,0.00590942679522779
9.7625656891422,0.00590966393051745
9.9625656891422,0.00590944181322045
10,0.00590943069143123
